Title,Rating,Genre,Actors,Runtime
Rome,8.8,90 min,"
Action, Drama, History            ","[u'Kevin McKidd', u'Ray Stevenson', u'Polly Walker', u'Kerry Condon']"
Rome,8.8,90 min,"
Action, Drama, History            ","[u'Kevin McKidd', u'Ray Stevenson', u'Polly Walker', u'Kerry Condon']"
Rome,8.8,90 min,"
Action, Drama, History            ","[u'Kevin McKidd', u'Ray Stevenson', u'Polly Walker', u'Kerry Condon']"
Rome,8.8,90 min,"
Action, Drama, History            ","[u'Kevin McKidd', u'Ray Stevenson', u'Polly Walker', u'Kerry Condon']"
Rome,8.8,90 min,"
Action, Drama, History            ","[u'Kevin McKidd', u'Ray Stevenson', u'Polly Walker', u'Kerry Condon']"
Rome,8.8,90 min,"
Action, Drama, History            ","[u'Kevin McKidd', u'Ray Stevenson', u'Polly Walker', u'Kerry Condon']"
Rome,8.8,90 min,"
Action, Drama, History            ","[u'Kevin McKidd', u'Ray Stevenson', u'Polly Walker', u'Kerry Condon']"
Rome,8.8,90 min,"
Action, Drama, History            ","[u'Kevin McKidd', u'Ray Stevenson', u'Polly Walker', u'Kerry Condon']"
Rome,8.8,90 min,"
Action, Drama, History            ","[u'Kevin McKidd', u'Ray Stevenson', u'Polly Walker', u'Kerry Condon']"
Rome,8.8,90 min,"
Action, Drama, History            ","[u'Kevin McKidd', u'Ray Stevenson', u'Polly Walker', u'Kerry Condon']"
Rome,8.8,90 min,"
Action, Drama, History            ","[u'Kevin McKidd', u'Ray Stevenson', u'Polly Walker', u'Kerry Condon']"
Rome,8.8,90 min,"
Action, Drama, History            ","[u'Kevin McKidd', u'Ray Stevenson', u'Polly Walker', u'Kerry Condon']"
Rome,8.8,90 min,"
Action, Drama, History            ","[u'Kevin McKidd', u'Ray Stevenson', u'Polly Walker', u'Kerry Condon']"
Rome,8.8,90 min,"
Action, Drama, History            ","[u'Kevin McKidd', u'Ray Stevenson', u'Polly Walker', u'Kerry Condon']"
Rome,8.8,90 min,"
Action, Drama, History            ","[u'Kevin McKidd', u'Ray Stevenson', u'Polly Walker', u'Kerry Condon']"
Rome,8.8,90 min,"
Action, Drama, History            ","[u'Kevin McKidd', u'Ray Stevenson', u'Polly Walker', u'Kerry Condon']"
Rome,8.8,90 min,"
Action, Drama, History            ","[u'Kevin McKidd', u'Ray Stevenson', u'Polly Walker', u'Kerry Condon']"
Rome,8.8,90 min,"
Action, Drama, History            ","[u'Kevin McKidd', u'Ray Stevenson', u'Polly Walker', u'Kerry Condon']"
Rome,8.8,90 min,"
Action, Drama, History            ","[u'Kevin McKidd', u'Ray Stevenson', u'Polly Walker', u'Kerry Condon']"
Rome,8.8,90 min,"
Action, Drama, History            ","[u'Kevin McKidd', u'Ray Stevenson', u'Polly Walker', u'Kerry Condon']"
Rome,8.8,90 min,"
Action, Drama, History            ","[u'Kevin McKidd', u'Ray Stevenson', u'Polly Walker', u'Kerry Condon']"
Rome,8.8,90 min,"
Action, Drama, History            ","[u'Kevin McKidd', u'Ray Stevenson', u'Polly Walker', u'Kerry Condon']"
Rome,8.8,90 min,"
Action, Drama, History            ","[u'Kevin McKidd', u'Ray Stevenson', u'Polly Walker', u'Kerry Condon']"
Rome,8.8,90 min,"
Action, Drama, History            ","[u'Kevin McKidd', u'Ray Stevenson', u'Polly Walker', u'Kerry Condon']"
Rome,8.8,90 min,"
Action, Drama, History            ","[u'Kevin McKidd', u'Ray Stevenson', u'Polly Walker', u'Kerry Condon']"
Rome,8.8,90 min,"
Action, Drama, History            ","[u'Kevin McKidd', u'Ray Stevenson', u'Polly Walker', u'Kerry Condon']"
Rome,8.8,90 min,"
Action, Drama, History            ","[u'Kevin McKidd', u'Ray Stevenson', u'Polly Walker', u'Kerry Condon']"
Rome,8.8,90 min,"
Action, Drama, History            ","[u'Kevin McKidd', u'Ray Stevenson', u'Polly Walker', u'Kerry Condon']"
Rome,8.8,90 min,"
Action, Drama, History            ","[u'Kevin McKidd', u'Ray Stevenson', u'Polly Walker', u'Kerry Condon']"
Rome,8.8,90 min,"
Action, Drama, History            ","[u'Kevin McKidd', u'Ray Stevenson', u'Polly Walker', u'Kerry Condon']"
Rome,8.8,90 min,"
Action, Drama, History            ","[u'Kevin McKidd', u'Ray Stevenson', u'Polly Walker', u'Kerry Condon']"
Rome,8.8,90 min,"
Action, Drama, History            ","[u'Kevin McKidd', u'Ray Stevenson', u'Polly Walker', u'Kerry Condon']"
Rome,8.8,90 min,"
Action, Drama, History            ","[u'Kevin McKidd', u'Ray Stevenson', u'Polly Walker', u'Kerry Condon']"
Rome,8.8,90 min,"
Action, Drama, History            ","[u'Kevin McKidd', u'Ray Stevenson', u'Polly Walker', u'Kerry Condon']"
Rome,8.8,90 min,"
Action, Drama, History            ","[u'Kevin McKidd', u'Ray Stevenson', u'Polly Walker', u'Kerry Condon']"
Rome,8.8,90 min,"
Action, Drama, History            ","[u'Kevin McKidd', u'Ray Stevenson', u'Polly Walker', u'Kerry Condon']"
Rome,8.8,90 min,"
Action, Drama, History            ","[u'Kevin McKidd', u'Ray Stevenson', u'Polly Walker', u'Kerry Condon']"
Rome,8.8,90 min,"
Action, Drama, History            ","[u'Kevin McKidd', u'Ray Stevenson', u'Polly Walker', u'Kerry Condon']"
Rome,8.8,90 min,"
Action, Drama, History            ","[u'Kevin McKidd', u'Ray Stevenson', u'Polly Walker', u'Kerry Condon']"
Rome,8.8,90 min,"
Action, Drama, History            ","[u'Kevin McKidd', u'Ray Stevenson', u'Polly Walker', u'Kerry Condon']"
Rome,8.8,90 min,"
Action, Drama, History            ","[u'Kevin McKidd', u'Ray Stevenson', u'Polly Walker', u'Kerry Condon']"
Rome,8.8,90 min,"
Action, Drama, History            ","[u'Kevin McKidd', u'Ray Stevenson', u'Polly Walker', u'Kerry Condon']"
Rome,8.8,90 min,"
Action, Drama, History            ","[u'Kevin McKidd', u'Ray Stevenson', u'Polly Walker', u'Kerry Condon']"
Rome,8.8,90 min,"
Action, Drama, History            ","[u'Kevin McKidd', u'Ray Stevenson', u'Polly Walker', u'Kerry Condon']"
Rome,8.8,90 min,"
Action, Drama, History            ","[u'Kevin McKidd', u'Ray Stevenson', u'Polly Walker', u'Kerry Condon']"
Rome,8.8,90 min,"
Action, Drama, History            ","[u'Kevin McKidd', u'Ray Stevenson', u'Polly Walker', u'Kerry Condon']"
Rome,8.8,90 min,"
Action, Drama, History            ","[u'Kevin McKidd', u'Ray Stevenson', u'Polly Walker', u'Kerry Condon']"
Rome,8.8,90 min,"
Action, Drama, History            ","[u'Kevin McKidd', u'Ray Stevenson', u'Polly Walker', u'Kerry Condon']"
Rome,8.8,90 min,"
Action, Drama, History            ","[u'Kevin McKidd', u'Ray Stevenson', u'Polly Walker', u'Kerry Condon']"
Rome,8.8,90 min,"
Action, Drama, History            ","[u'Kevin McKidd', u'Ray Stevenson', u'Polly Walker', u'Kerry Condon']"
